Workbook
Name 기본급표: 미리보기!#REF!
Name 사번: [1]사원명부!$A$2:$A$26
Name 사번: #REF!

Sheet 엑셀데이터
B2: ▣ 엑셀데이터의 종류 | D2: 예
B3: 1 | C3: 문자데이터 | D3: 가, A, 690-827,770825-2957113, 7B,12345
B4: 2 | C4: 숫자데이터 | D4: 1527000
B5: 3 | C5: 수식데이터 | D5: =, +, /,*, -
B6: 4 | C6: 날짜/시간데이터 | D6: 년-월-일,년/월/일, 시:분:초 AM
B7: 5 | C7: 논리값데이터 | D7: TRUE, FALSE
B9: ▣ 엑셀에서 사용되는 연산자 | D9: 예
B10: 1 | C10: 산술연산자 | D10: +, -, /, *
B11: 2 | C11: 비교연산자 | D11: >,<,>=,<=,<>,=
B12: 3 | C12: 텍스트연산자 | D12: &
B13: 4 | C13: 참조연산자 | D13: ; , "공백"

Sheet 사용자지정서식1
B2: 셀서식 - 사용자 지정
B4: 순번 | C4: 개 | D4: BOX | E4: 원 | F4: 천원 | G4: 백만원 | H4: 억원 | I4: 소수자리수맞춤 | J4: 분수자리수맞춤 | K4: 0*-
B5: 1 | C5: 56 | D5: 45 | E5: 123000 | F5: 123000 | G5: 123000000 | H5: 123000000000 | I5: 123.25 | J5: 0.2 | K5: 123200
B6: 2 | C6: 40 | D6: 90 | E6: 230000 | F6: 230000 | G6: 230000000 | H6: 230000000000 | I6: 2.654 | J6: 0.06741573 | K6: 256300
B7: 3 | C7: 45 | D7: 98 | E7: 254000 | F7: 254000 | G7: 254000000 | H7: 254000000000 | I7: 23.65 | J7: 0.21 | K7: 389400
B8: 4 | C8: 34 | D8: 76 | E8: 236000 | F8: 236000 | G8: 236000000 | H8: 236000000000 | I8: 2.1 | J8: 0.027888446 | K8: 522500
B9: 5 | C9: 56 | D9: 56 | E9: 123000 | F9: 123000 | G9: 123000000 | H9: 123000000000 | I9: 78.06 | J9: 1.2 | K9: 655600
B11: 순번 | C11: 개 | D11: BOX | E11: 원 | F11: 천원 | G11: 백만원 | H11: 억원 | I11: 소수자리수맞춤 | J11: 분수자리수맞춤 | K11: 0*-
B12: 1 | C12: 56 | D12: 45 | E12: 123000 | F12: 123000 | G12: 123000000 | H12: 123000000000 | I12: 123.25 | J12: 0.2 | K12: 123200
B13: 2 | C13: 40 | D13: 90 | E13: 230000 | F13: 230000 | G13: 230000000 | H13: 230000000000 | I13: 2.654 | J13: 0.06741573 | K13: 256300
B14: 3 | C14: 45 | D14: 98 | E14: 254000 | F14: 254000 | G14: 254000000 | H14: 254000000000 | I14: 23.65 | J14: 0.21 | K14: 389400
B15: 4 | C15: 34 | D15: 76 | E15: 236000 | F15: 236000 | G15: 236000000 | H15: 236000000000 | I15: 2.1 | J15: 0.027888446 | K15: 522500
B16: 5 | C16: 56 | D16: 56 | E16: 123000 | F16: 123000 | G16: 123000000 | H16: 123000000000 | I16: 78.06 | J16: 1.2 | K16: 655600
B19: #과 0 차이 | C19: #.### | D19: #.000 | E19: 0.### | F19: 0
B20: 123.456 | C20: 123.456 | D20: 123.456 | E20: 123.456 | F20: 123.456
B21: 0.012 | C21: 0.012 | D21: 0.012 | E21: 0.012 | F21: 0.012
B22: 123.1 | C22: 123.1 | D22: 123.1 | E22: 123.1 | F22: 123.1
B23: 5 | C23: 5 | D23: 5 | E23: 5 | F23: 5

Sheet 특수문자입력법
B2: <특수문자 사용법>
B3: 1. 한글자음을 입력후 한자 키를 눌러 원하는 문자를 선택
B5: 자음 | C5: 설명 | D5: 표기
B6: ㅁ | C6: 일반도형 | D6: ＃,＆,＊,＠,§,※,☆
B7: ㅇ | C7: 원,괄호(영문) | D7: ⓐ,ⓑ,②,⑩,⒜,⑹,⒂
B8: ㄹ | C8: 단위 | D8: ＄,％,￦,Ｆ,￠,Å,㎞,㎣,㏊,Ω,㎮
B9: ㄴ | C9: 괄호 | D9: ＂,（,［,‘,｝,《,『,【,】
B10: ㅂ | C10: 배각괘선 | D10: ─,┴,┘,┤,┿,┦,╊
B11: ㅈ | C11: 숫자 | D11: ０,１,８,ⅰ,ⅱ,Ⅰ,Ⅳ,Ⅹ
B12: ㄷ | C12: 수학기호 | D12: ＋,＜,＝,±,÷,≠,≫,∬,∈,∀,∑,∮
B13: ㄱ | C13: 문장부호 | D13: ！,＇,，,／,：,；,？,∥,˘,¿,∼
B14: ㅅ | C14: 원,괄호(한글) | D14: ㉠,㉡,㉲,㉴,㈎,㈏,㈛
B15: ㅎ | C15: 그리스문자 | D15: Α,Β,Γ,Δ,Ε,Ζ,Θ,β,φ,ψ,ω
B16: ㅋ | C16: 한글자음 | D16: ㄱ,ㄲ,ㄳ,ㄵ,ㄶ,ㅈ,ㅘ,ㅙ,ㅢ,ㅣ
... B23: ㅆ | C23: 러시아 | D23: А,Б,Д,Ж,З,Ё,Й
B25: 2. 문자표를 이용
B26: 프로그램- 보조프로그램-시스템도구-문자표-선택-복사-붙여넣기
B28: ※. 엑셀옵션-언어교정-자동고침옵션
B29: (주) | C29: → | D29: ㈜
B30: (c) | C30: → | D30: ©
B31: (ks) | C31: → | D31: ㉿
B32: (R) | C32: → | D32: ®
B33: (TEL) | C33: → | D33: ☎

Sheet 표시형식
B2: 표시 형식 | C2: 입력값 | D2: 표시 형식 적용
B3: 일반 | C3: 1000 | D3: 1000
B4: 숫자 | C4: -20000 | D4: -20000
B5: 통화 | C5: 5000000 | D5: 5000000
B6: 회계 | C6: 1000000 | D6: 1000000
B7: 날짜 | C7: 40169 | D7: 40169
B8: 백분율 | C8: 0.15 | D8: 0.15
B9: 분수 | C9: 0.2 | D9: 0.2
B10: 지수 | C10: 12500000 | D10: 12500000
B11: 텍스트 | C11: 1500 | D11: 1500
B13: 숫자 표시 형식 | C13: 입력값 | D13: 표시 형식 적용
B14: 소수 자릿수 | C14: 120000 | D14: 120000
B15: 천단위 구분 기호 | C15: 120000 | D15: 120000
B16: 음수 (천단위 구분 기호) | C16: -120000 | D16: -120000
D17: -120000
D18: -120000
D19: -120000
D20: -120000
B22: 통화 유형 | C22: 입력값 | D22: 통화 유형 적용
B23: \ 한국어 | C23: 200000 | D23: 200000
B24: $ 영어(미국) | C24: 500 | D24: 500
B25: 영어(영국) | C25: 500 | D25: 500
B26: € 유로 | C26: 2000 | D26: 2000
B27: ¥ 일본어 | C27: 10000 | D27: 30000
B28: ¥ 중국어 | C28: 100 | D28: 100
B30: 날짜 표시 형식 | C30: 입력값 | D30: 표시 형식 적용
B31: 년-월-일 | C31: 40169 | D31: 40169
B32: 년 월 일 | C32: 40169 | D32: 40169
B33: 年 月 日 | C33: 40169 | D33: 40169
B34: 년 월 | C34: 40169 | D34: 40169
B35: 월 일 | C35: 40169 | D35: 40169
B36: 년-월-일 | C36: 40169 | D36: 40169
B38: 기타 표시 형식 | C38: 입력값 | D38: 표시 형식 적용
B39: 우편번호 | C39: 120180 | D39: 120180
B40: 전화번호(국번4자리) | C40: 3142001212 | D40: 3142001212
B41: 전화번호(국번3자리) | C41: 632003131 | D41: 632003131
B42: 주민등록번호 | C42: 8001011234567 | D42: 8001011234567

Sheet 시나리오
B2: 초고속 인터넷 통신망 사용 내역서
B4: 가입자 | C4: 종류 | D4: 기본료 | E4: 할인료 | F4: 계약기간 | G4: 장비임대료 | H4: 부가세 | I4: 청구액
B5: 박종수 | C5: 보급형 | D5: 25000 | E5: =D5*VLOOKUP(C5,$B$17:$C$19,2,FALSE) -> 2500 | F5: 3 | G5: 0 | H5: =(D5-E5+G5)*0.1 -> 2250 | I5: =D5-E5+G5+H5 -> 24750
B6: 최용준 | C6: 보급형 | D6: 25000 | E6: =D6*VLOOKUP(C6,$B$17:$C$19,2,FALSE) -> 2500 | F6: 1 | G6: 5000 | H6: =(D6-E6+G6)*0.1 -> 2750 | I6: =D6-E6+G6+H6 -> 30250
B7: 강대수 | C7: 일반형 | D7: 32000 | E7: =D7*VLOOKUP(C7,$B$17:$C$19,2,FALSE) -> 3840 | F7: 2 | G7: 2000 | H7: =(D7-E7+G7)*0.1 -> 3016 | I7: =D7-E7+G7+H7 -> 33176
B8: 추인혜 | C8: 보급형 | D8: 25000 | E8: =D8*VLOOKUP(C8,$B$17:$C$19,2,FALSE) -> 2500 | F8: 0 | G8: 8000 | H8: =(D8-E8+G8)*0.1 -> 3050 | I8: =D8-E8+G8+H8 -> 33550
B9: 심희수 | C9: 특급형 | D9: 45000 | E9: =D9*VLOOKUP(C9,$B$17:$C$19,2,FALSE) -> 6750 | F9: 2 | G9: 2000 | H9: =(D9-E9+G9)*0.1 -> 4025 | I9: =D9-E9+G9+H9 -> 44275
B10: 이상호 | C10: 일반형 | D10: 32000 | E10: =D10*VLOOKUP(C10,$B$17:$C$19,2,FALSE) -> 3840 | F10: 1 | G10: 5000 | H10: =(D10-E10+G10)*0.1 -> 3316 | I10: =D10-E10+G10+H10 -> 36476
B11: 표인종 | C11: 일반형 | D11: 32000 | E11: =D11*VLOOKUP(C11,$B$17:$C$19,2,FALSE) -> 3840 | F11: 0 | G11: 8000 | H11: =(D11-E11+G11)*0.1 -> 3616 | I11: =D11-E11+G11+H11 -> 39776
B12: 장은지 | C12: 특급형 | D12: 45000 | E12: =D12*VLOOKUP(C12,$B$17:$C$19,2,FALSE) -> 6750 | F12: 3 | G12: 0 | H12: =(D12-E12+G12)*0.1 -> 3825 | I12: =D12-E12+G12+H12 -> 42075
B13: 곽인정 | C13: 보급형 | D13: 25000 | E13: =D13*VLOOKUP(C13,$B$17:$C$19,2,FALSE) -> 2500 | F13: 2 | G13: 2000 | H13: =(D13-E13+G13)*0.1 -> 2450 | I13: =D13-E13+G13+H13 -> 26950
H14: 총청구액 | I14: =SUM(I5:I13) -> 311278
B16: 할인율
B17: 특급형 | C17: 0.15
B18: 일반형 | C18: 0.12
B19: 보급형 | C19: 0.1
B21: 할인율 인상
B22: 특급형 | C22: 0.18
B23: 일반형 | C23: 0.15
B24: 보급형 | C24: 0.12
B26: 할인율 인하
B27: 특급형 | C27: 0.12
B28: 일반형 | C28: 0.1
B29: 보급형 | C29: 0.08

Sheet 미리보기
B1: 사원급여명세표
B3: 사원번호 | C3: 사원명 | D3: 부서 | E3: 직급 | F3: 기본급 | G3: 가족수 | H3: 업무수당 | I3: 가족수당 | J3: 급여액
B4: A1001 | C4: 김유신 | D4: =IF(LEFT(B4,1)="A","연구부",IF(LEFT(B4,1)="B","관리부","경리부")) -> 연구부 | E4: 부장 | F4: 1500000 | G4: 6 | H4: =IF(E4="부장",200000,IF(E4="과장",150000,IF(E4="대리",100000,50000))) -> 200000 | I4: =F4*G4*0.01 -> 90000 | J4: =F4+I4+H4 -> 1790000
B5: B1001 | C5: 이순신 | D5: =IF(LEFT(B5,1)="A","연구부",IF(LEFT(B5,1)="B","관리부","경리부")) -> 관리부 | E5: 과장 | F5: 1400000 | G5: 5 | H5: =IF(E5="부장",200000,IF(E5="과장",150000,IF(E5="대리",100000,50000))) -> 150000 | I5: =F5*G5*0.01 -> 70000 | J5: =F5+I5+H5 -> 1620000
B6: C1001 | C6: 한석봉 | D6: =IF(LEFT(B6,1)="A","연구부",IF(LEFT(B6,1)="B","관리부","경리부")) -> 경리부 | E6: 과장 | F6: 1400000 | G6: 5 | H6: =IF(E6="부장",200000,IF(E6="과장",150000,IF(E6="대리",100000,50000))) -> 150000 | I6: =F6*G6*0.01 -> 70000 | J6: =F6+I6+H6 -> 1620000
B7: A1002 | C7: 유관순 | D7: =IF(LEFT(B7,1)="A","연구부",IF(LEFT(B7,1)="B","관리부","경리부")) -> 연구부 | E7: 대리 | F7: 1300000 | G7: 4 | H7: =IF(E7="부장",200000,IF(E7="과장",150000,IF(E7="대리",100000,50000))) -> 100000 | I7: =F7*G7*0.01 -> 52000 | J7: =F7+I7+H7 -> 1452000
B8: B1002 | C8: 김미현 | D8: =IF(LEFT(B8,1)="A","연구부",IF(LEFT(B8,1)="B","관리부","경리부")) -> 관리부 | E8: 대리 | F8: 1300000 | G8: 5 | H8: =IF(E8="부장",200000,IF(E8="과장",150000,IF(E8="대리",100000,50000))) -> 100000 | I8: =F8*G8*0.01 -> 65000 | J8: =F8+I8+H8 -> 1465000
B9: C1002 | C9: 김정희 | D9: =IF(LEFT(B9,1)="A","연구부",IF(LEFT(B9,1)="B","관리부","경리부")) -> 경리부 | E9: 사원 | F9: 1200000 | G9: 7 | H9: =IF(E9="부장",200000,IF(E9="과장",150000,IF(E9="대리",100000,50000))) -> 50000 | I9: =F9*G9*0.01 -> 84000 | J9: =F9+I9+H9 -> 1334000
B10: A1003 | C10: 김홍도 | D10: =IF(LEFT(B10,1)="A","연구부",IF(LEFT(B10,1)="B","관리부","경리부")) -> 연구부 | E10: 사원 | F10: 1200000 | G10: 2 | H10: =IF(E10="부장",200000,IF(E10="과장",150000,IF(E10="대리",100000,50000))) -> 50000 | I10: =F10*G10*0.01 -> 24000 | J10: =F10+I10+H10 -> 1274000
B11: B1003 | C11: 한정연 | D11: =IF(LEFT(B11,1)="A","연구부",IF(LEFT(B11,1)="B","관리부","경리부")) -> 관리부 | E11: 사원 | F11: 1200000 | G11: 3 | H11: =IF(E11="부장",200000,IF(E11="과장",150000,IF(E11="대리",100000,50000))) -> 50000 | I11: =F11*G11*0.01 -> 36000 | J11: =F11+I11+H11 -> 1286000
B12: C1003 | C12: 홍길동 | D12: =IF(LEFT(B12,1)="A","연구부",IF(LEFT(B12,1)="B","관리부","경리부")) -> 경리부 | E12: 사원 | F12: 1200000 | G12: 1 | H12: =IF(E12="부장",200000,IF(E12="과장",150000,IF(E12="대리",100000,50000))) -> 50000 | I12: =F12*G12*0.01 -> 12000 | J12: =F12+I12+H12 -> 1262000
B13: A1004 | C13: 김유신 | D13: =IF(LEFT(B13,1)="A","연구부",IF(LEFT(B13,1)="B","관리부","경리부")) -> 연구부 | E13: 부장 | F13: 1500000 | G13: 6 | H13: =IF(E13="부장",200000,IF(E13="과장",150000,IF(E13="대리",100000,50000))) -> 200000 | I13: =F13*G13*0.01 -> 90000 | J13: =F13+I13+H13 -> 1790000
B14: B1004 | C14: 이순신 | D14: =IF(LEFT(B14,1)="A","연구부",IF(LEFT(B14,1)="B","관리부","경리부")) -> 관리부 | E14: 과장 | F14: 1400000 | G14: 5 | H14: =IF(E14="부장",200000,IF(E14="과장",150000,IF(E14="대리",100000,50000))) -> 150000 | I14: =F14*G14*0.01 -> 70000 | J14: =F14+I14+H14 -> 1620000
B15: C1004 | C15: 한석봉 | D15: =IF(LEFT(B15,1)="A","연구부",IF(LEFT(B15,1)="B","관리부","경리부")) -> 경리부 | E15: 과장 | F15: 1400000 | G15: 5 | H15: =IF(E15="부장",200000,IF(E15="과장",150000,IF(E15="대리",100000,50000))) -> 150000 | I15: =F15*G15*0.01 -> 70000 | J15: =F15+I15+H15 -> 1620000
... B112: A1037 | C112: 이순신 | D112: =IF(LEFT(B112,1)="A","연구부",IF(LEFT(B112,1)="B","관리부","경리부")) -> 연구부 | E112: 과장 | F112: 622222.22 | G112: 4 | H112: =IF(E112="부장",200000,IF(E112="과장",150000,IF(E112="대리",100000,50000))) -> 150000 | I112: =F112*G112*0.01 -> 24888.889 | J112: =F112+I112+H112 -> 797111.11

Sheet 견적서예시
B2: 견 적 서
B4: =TODAY() -> 45821 | E4: 공급자 | F4: 등록번호 | G4: 616-02-014300
B5: 아래와 같이 견적합니다. | F5: 상 호 (법인명) | G5: (주)문구나라 | H5: 성명 | I5: 장동건
B6: 주식회사 미래유통 귀중 | F6: 사 업 장 | G6: 서귀포시 서홍동 녹낭길120번지
B7: 합계금액 : | C7: =H31 -> 1873300 | D7: 원정 | F7: 전화번호 | G7: 647635555
B8: 번호 | C8: 품명 | D8: 규격 | F8: 수량 | G8: 단가 | H8: 공급가액
B9: 1 | C9: 자 | D9: =IF(ISBLANK(C9),"",VLOOKUP(C9,제품목록!$A$1:$C$21,2,FALSE)) -> 개 | F9: 5 | G9: =IF(ISBLANK(C9),"",VLOOKUP(C9,제품목록!$A$1:$C$21,3,FALSE)) -> 135000 | H9: =IF(ISERROR(F9*G9),"",F9*G9) -> 675000
B10: 2 | C10: 지우개 | D10: =IF(ISBLANK(C10),"",VLOOKUP(C10,제품목록!$A$1:$C$21,2,FALSE)) -> Box | F10: 2 | G10: =IF(ISBLANK(C10),"",VLOOKUP(C10,제품목록!$A$1:$C$21,3,FALSE)) -> 49000 | H10: =IF(ISERROR(F10*G10),"",F10*G10) -> 98000
B11: 3 | C11: 3공바인더 | D11: =IF(ISBLANK(C11),"",VLOOKUP(C11,제품목록!$A$1:$C$21,2,FALSE)) -> Box | F11: 5 | G11: =IF(ISBLANK(C11),"",VLOOKUP(C11,제품목록!$A$1:$C$21,3,FALSE)) -> 150000 | H11: =IF(ISERROR(F11*G11),"",F11*G11) -> 750000
B12: 4 | C12: 디스켓 | D12: =IF(ISBLANK(C12),"",VLOOKUP(C12,제품목록!$A$1:$C$21,2,FALSE)) -> Box | F12: 3 | G12: =IF(ISBLANK(C12),"",VLOOKUP(C12,제품목록!$A$1:$C$21,3,FALSE)) -> 60000 | H12: =IF(ISERROR(F12*G12),"",F12*G12) -> 180000
B13: 5 | D13: =IF(ISBLANK(C13),"",VLOOKUP(C13,제품목록!$A$1:$C$21,2,FALSE)) | G13: =IF(ISBLANK(C13),"",VLOOKUP(C13,제품목록!$A$1:$C$21,3,FALSE)) | H13: =IF(ISERROR(F13*G13),"",F13*G13)
B14: 6 | D14: =IF(ISBLANK(C14),"",VLOOKUP(C14,제품목록!$A$1:$C$21,2,FALSE)) | G14: =IF(ISBLANK(C14),"",VLOOKUP(C14,제품목록!$A$1:$C$21,3,FALSE)) | H14: =IF(ISERROR(F14*G14),"",F14*G14)
B15: 7 | D15: =IF(ISBLANK(C15),"",VLOOKUP(C15,제품목록!$A$1:$C$21,2,FALSE)) | G15: =IF(ISBLANK(C15),"",VLOOKUP(C15,제품목록!$A$1:$C$21,3,FALSE)) | H15: =IF(ISERROR(F15*G15),"",F15*G15)
B16: 8 | D16: =IF(ISBLANK(C16),"",VLOOKUP(C16,제품목록!$A$1:$C$21,2,FALSE)) | G16: =IF(ISBLANK(C16),"",VLOOKUP(C16,제품목록!$A$1:$C$21,3,FALSE)) | H16: =IF(ISERROR(F16*G16),"",F16*G16)
B17: 9 | D17: =IF(ISBLANK(C17),"",VLOOKUP(C17,제품목록!$A$1:$C$21,2,FALSE)) | G17: =IF(ISBLANK(C17),"",VLOOKUP(C17,제품목록!$A$1:$C$21,3,FALSE)) | H17: =IF(ISERROR(F17*G17),"",F17*G17)
B18: 10 | D18: =IF(ISBLANK(C18),"",VLOOKUP(C18,제품목록!$A$1:$C$21,2,FALSE)) | G18: =IF(ISBLANK(C18),"",VLOOKUP(C18,제품목록!$A$1:$C$21,3,FALSE)) | H18: =IF(ISERROR(F18*G18),"",F18*G18)
B19: 11 | D19: =IF(ISBLANK(C19),"",VLOOKUP(C19,제품목록!$A$1:$C$21,2,FALSE)) | G19: =IF(ISBLANK(C19),"",VLOOKUP(C19,제품목록!$A$1:$C$21,3,FALSE)) | H19: =IF(ISERROR(F19*G19),"",F19*G19)
B20: 12 | D20: =IF(ISBLANK(C20),"",VLOOKUP(C20,제품목록!$A$1:$C$21,2,FALSE)) | G20: =IF(ISBLANK(C20),"",VLOOKUP(C20,제품목록!$A$1:$C$21,3,FALSE)) | H20: =IF(ISERROR(F20*G20),"",F20*G20)
B21: 13 | D21: =IF(ISBLANK(C21),"",VLOOKUP(C21,제품목록!$A$1:$C$21,2,FALSE)) | G21: =IF(ISBLANK(C21),"",VLOOKUP(C21,제품목록!$A$1:$C$21,3,FALSE)) | H21: =IF(ISERROR(F21*G21),"",F21*G21)
B22: 14 | D22: =IF(ISBLANK(C22),"",VLOOKUP(C22,제품목록!$A$1:$C$21,2,FALSE)) | G22: =IF(ISBLANK(C22),"",VLOOKUP(C22,제품목록!$A$1:$C$21,3,FALSE)) | H22: =IF(ISERROR(F22*G22),"",F22*G22)
B23: 15 | D23: =IF(ISBLANK(C23),"",VLOOKUP(C23,제품목록!$A$1:$C$21,2,FALSE)) | G23: =IF(ISBLANK(C23),"",VLOOKUP(C23,제품목록!$A$1:$C$21,3,FALSE)) | H23: =IF(ISERROR(F23*G23),"",F23*G23)
B24: 16 | D24: =IF(ISBLANK(C24),"",VLOOKUP(C24,제품목록!$A$1:$C$21,2,FALSE)) | G24: =IF(ISBLANK(C24),"",VLOOKUP(C24,제품목록!$A$1:$C$21,3,FALSE)) | H24: =IF(ISERROR(F24*G24),"",F24*G24)
... B28: 20 | D28: =IF(ISBLANK(C28),"",VLOOKUP(C28,제품목록!$A$1:$C$21,2,FALSE)) | G28: =IF(ISBLANK(C28),"",VLOOKUP(C28,제품목록!$A$1:$C$21,3,FALSE)) | H28: =IF(ISERROR(F28*G28),"",F28*G28)
B29: 비고 : | D29: 공급가총액 | H29: =SUM(H9:I28) -> 1703000
D30: 세액(부가가치세) | H30: =H29*10% -> 170300
D31: 합계금액 | H31: =H29+H30 -> 1873300
B32: ※ 상기 견적 금액은 예고없이 변동될 수도 있습니다. | G32: (주)문구나라
B33: ※ 유효기간: | C33: =B4+30 -> 45851 | D33: 까지

Sheet 견적서
B2: 견 적 서
B4: =TODAY() -> 45821
B5: 아래와 같이 견적합니다.
B6: 주식회사 미래유통 귀중
B7: 합계금액 : | D7: 원정
B8: 번호 | C8: 품명 | D8: 규격 | E8: 수량 | F8: 단가 | G8: 공급가액
B9: 1
B10: 2
B11: 3
B12: 4
B13: 5
B14: 6
B15: 7
B16: 8
B17: 9
B18: 10
B19: 11
B20: 12
... B28: 20
B29: 비고 : | D29: 공급가총액
D30: 세액(부가가치세)
D31: 합계금액
B32: ※ 상기 견적 금액은 예고없이 변동될 수도 있습니다. | F32: (주)문구나라
B33: ※ 유효기간: | D33: 까지

Sheet 제품목록
A1: 품명 | B1: 규격 | C1: 단가
A2: 2공펀치 | B2: Box | C2: 120000
A3: 3공바인더 | B3: Box | C3: 150000
A4: 3공펀치 | B4: Box | C4: 200000
A5: 가위 | B5: 개 | C5: 5000
A6: 거울 | B6: 개 | C6: 3000
A7: 계산기 | B7: 개 | C7: 70000
A8: 공CD | B8: Box | C8: 140000
A9: 노트 | B9: 개 | C9: 7000
A10: 디스켓 | B10: Box | C10: 60000
A11: 라벨용지 | B11: Box | C11: 35000
A12: 명함집 | B12: 개 | C12: 25000
A13: 문서함 | B13: 개 | C13: 70000
... A21: 테이프 | B21: Box | C21: 85000
